name,tunnus,population,chronic_disease_index,morbidity_index,mortality_index,disability_index,reimbursement_index,pct_area_within_300m,veh_km_per_day_per_km2,centroid_dist_m
Jakomäki,506,5449.00,124.41,127.99,118.20,154.27,111.51,74.61,182404.17,335.13
Pasila,304,14188.00,109.78,105.60,101.02,100.25,115.52,3.35,25165.74,1104.87
Malmi,503,30516.00,109.38,111.03,115.14,112.54,105.41,17.15,95403.60,973.57
Suutarila,504,11541.00,108.60,97.89,101.80,89.67,102.21,16.52,101908.08,1226.07
Vuosaari,704,39069.00,107.83,106.28,89.18,125.70,103.96,4.14,302.94,1557.20
Mellunkylä,703,39934.00,107.66,118.28,126.29,130.10,98.44,18.10,102123.29,1136.92
Kaarela,205,31695.00,107.10,109.89,111.34,116.58,101.74,28.76,126444.25,546.80
Puistola,505,20157.00,106.23,99.86,109.49,90.59,99.48,24.61,117964.57,1098.72
Pitäjänmäki,204,18887.00,106.15,107.44,97.72,121.10,103.52,19.74,66235.83,217.18
Pukinmäki,502,8629.00,105.42,108.86,110.79,114.53,101.26,41.66,115249.60,75.48
Latokartano,501,25002.00,104.97,100.54,92.07,108.99,100.56,27.49,106991.81,505.34
Myllypuro,702,12651.00,104.87,117.87,112.40,140.73,100.47,30.96,109172.80,950.69
Herttoniemi,602,30915.00,104.41,102.98,100.35,105.75,102.85,26.57,58403.57,307.56
Kallio,301,35598.00,102.83,109.29,118.22,112.03,97.62,9.36,0.00,1203.94
Alppiharju,302,11572.00,102.26,125.87,129.45,147.91,100.23,0.00,0.00,2252.00
Haaga,203,27467.00,101.74,110.98,119.21,113.32,100.40,39.27,150679.05,716.26
Vanhakaupunki,305,25759.00,100.47,106.23,110.37,109.02,99.30,24.88,40716.13,590.72
Oulunkylä,404,15598.00,98.61,109.07,113.04,113.63,100.53,19.68,93532.10,1091.94
Vallila,303,16878.00,97.09,102.31,114.51,94.43,97.98,0.00,0.00,1423.80
Reijola,201,16784.00,96.67,100.41,95.86,105.64,99.73,3.05,2595.68,1331.33
Vartiokylä,701,22707.00,96.65,102.24,107.59,102.05,97.07,24.57,58434.22,335.63
Laajasalo,603,23315.00,91.91,91.37,82.91,95.16,96.02,0.00,0.00,2385.77
Itä-Pakila,405,3631.00,91.09,78.22,84.86,57.72,92.09,53.40,255455.75,579.99
Maunula,401,9047.00,89.41,95.98,107.19,92.69,88.06,36.22,195763.15,874.71
Munkkiniemi,202,19149.00,88.84,82.40,73.95,81.19,92.06,26.70,14243.11,117.83
Kampinmalmi,103,45469.00,85.36,83.19,76.96,80.67,91.95,12.35,24877.95,350.55
Taka-Töölö,104,15635.00,81.95,88.08,97.98,75.96,90.31,0.00,0.00,2100.80
Tuomarinkylä,403,8605.00,80.29,75.19,73.36,59.98,92.23,7.85,35293.37,1082.97
Länsi-Pakila,402,7165.00,79.05,81.24,103.20,50.22,90.29,62.91,377262.85,27.73
Vironniemi,101,13096.00,74.87,64.46,65.02,44.46,83.91,0.00,0.00,2230.49
Lauttasaari,105,24877.00,74.59,71.09,72.60,54.94,85.73,29.20,55212.56,562.45
Kulosaari,601,4156.00,71.55,67.97,67.07,55.21,81.62,37.00,18906.50,287.36
Ullanlinna,102,24491.00,70.28,64.72,73.57,40.10,80.50,0.00,0.00,1948.76
Östersundom,801,,,,,,,17.44,18057.01,258.00
